type,name,module,path,hash
"csv","agent-manifest","_cfg","bmad/_cfg/agent-manifest.csv","4d00fa58ac0a87b365244ecad5c8007e943141aea5331a9863ea689c6323427e"
"csv","task-manifest","_cfg","bmad/_cfg/task-manifest.csv","1b0d3acf837d6aa434b4b910f39e79d55149915e53dd817219238827aeeba482"
"csv","workflow-manifest","_cfg","bmad/_cfg/workflow-manifest.csv","c73fff54183b2e52966b65a5ef08042baaf0405b7beb7839406f899ca45fdd8a"
"yaml","manifest","_cfg","bmad/_cfg/manifest.yaml","6b1e8da0896fb0e32cd94bac3dabd75030172f885a1538812751ff23acf883b1"
"js","installer","bmb","bmad/bmb/workflows/create-module/installer-templates/installer.js","309ecdf2cebbb213a9139e5b7780d0d42bd60f665c497691773f84202e6667a7"
"md","agent-architecture","bmb","bmad/bmb/workflows/create-agent/agent-architecture.md","e486fc0b22bfe2c85b08fac0fc0aacdb43dd41498727bf39de30e570abe716b9"
"md","agent-command-patterns","bmb","bmad/bmb/workflows/create-agent/agent-command-patterns.md","8c5972a5aad50f7f6e39ed14edca9c609a7da8be21edf6f872f5ce8481e11738"
"md","agent-types","bmb","bmad/bmb/workflows/create-agent/agent-types.md","a9429475767b6db4bb74fb27e328a8fdb3e8e7176edb2920ae3e0106d85e9d83"
"md","bmad-builder","bmb","bmad/bmb/agents/bmad-builder.md","7a020a7cb2231d96588ee68080317b6e41fb11621c6059495ed25d3c689511fb"
"md","brainstorm-context","bmb","bmad/bmb/workflows/create-agent/brainstorm-context.md","85be72976c4ff5d79b2bce8e6b433f5e3526a7466a72b3efdb4f6d3d118e1d15"
"md","brainstorm-context","bmb","bmad/bmb/workflows/create-module/brainstorm-context.md","62b902177d2cb56df2d6a12e5ec5c7d75ec94770ce22ac72c96691a876ed2e6a"
"md","brainstorm-context","bmb","bmad/bmb/workflows/create-workflow/brainstorm-context.md","f246ec343e338068b37fee8c93aa6d2fe1d4857addba6db3fe6ad80a2a2950e8"
"md","checklist","bmb","bmad/bmb/workflows/audit-workflow/checklist.md","3a9cf6f7d38152d6e5e49179fec8b6056e97db0f34185ea5c466165cb931cd55"
"md","checklist","bmb","bmad/bmb/workflows/convert-legacy/checklist.md","3f4faaacd224022af5ddf4ae0949d472f9eca3afa0d4ad0c24f19f93caaa9bf9"
"md","checklist","bmb","bmad/bmb/workflows/create-agent/checklist.md","837667f2bd601833568b327b961ba0dd363ba9a0d240625eebc9d1a9685ecbd8"
"md","checklist","bmb","bmad/bmb/workflows/create-module/checklist.md","72b9440ba720d96fa1cab50d1242495a5b7c540e7ab93a5a055c46c36d142ce1"
"md","checklist","bmb","bmad/bmb/workflows/create-workflow/checklist.md","78325ed31532c0059a3f647f7f4cda7702919a9ef43634afa419d3fa30ee2a0c"
"md","checklist","bmb","bmad/bmb/workflows/create-workflow/workflow-template/checklist.md","a950c68c71cd54b5a3ef4c8d68ad8ec40d5d1fa057f7c95e697e975807ae600b"
"md","checklist","bmb","bmad/bmb/workflows/edit-agent/checklist.md","e9878537ef45be158ca222d21311247a9bf0502cdabcb14dd827871d6488cf0e"
"md","checklist","bmb","bmad/bmb/workflows/edit-module/checklist.md","c0f599a80efb36ee184bcc5c94c903bbac31f335830a493ec9b8f47157ae5568"
"md","checklist","bmb","bmad/bmb/workflows/edit-workflow/checklist.md","9677c087ddfb40765e611de23a5a009afe51c347683dfe5f7d9fd33712ac4795"
"md","checklist","bmb","bmad/bmb/workflows/module-brief/checklist.md","821c90da14f02b967cb468b19f59a26c0d8f044d7a81a8b97631fb8ffac7648f"
"md","checklist","bmb","bmad/bmb/workflows/redoc/checklist.md","2117d60b14e19158f4b586878b3667d715d3b62f79815b72b55c2376ce31aae8"
"md","communication-styles","bmb","bmad/bmb/workflows/create-agent/communication-styles.md","96249cca9bee8f10b376e131729c633ea08328c44eaa6889343d2cf66127043e"
"md","instructions","bmb","bmad/bmb/workflows/audit-workflow/instructions.md","a31c169af274fbf8c72a60459a5855d9c5dfffcf51d2ec39370d54670471d32c"
"md","instructions","bmb","bmad/bmb/workflows/convert-legacy/instructions.md","809699256918c9a0152f195c7c7bec8ce05aa8cb7a975a732eb69b8f79cc85a7"
"md","instructions","bmb","bmad/bmb/workflows/create-agent/instructions.md","988265c15c5c099a8bc7f9538e6b6d6d01c38d0b0362f1c2cb0d7e6974b6d505"
"md","instructions","bmb","bmad/bmb/workflows/create-module/instructions.md","010cb47095811cf4968d98712749cb1fee5021a52621d0aa0f35ef3758ed2304"
"md","instructions","bmb","bmad/bmb/workflows/create-workflow/instructions.md","fd6282ae5d6c6192cc92fd7146c579cdb00c7a5710b6e3f8b91e4118cbde9e13"
"md","instructions","bmb","bmad/bmb/workflows/create-workflow/workflow-template/instructions.md","daf3d312e5a60d7c4cbc308014e3c69eeeddd70bd41bd139d328318da1e3ecb2"
"md","instructions","bmb","bmad/bmb/workflows/edit-agent/instructions.md","0bc81290f33d1101b23ca29cb9f6537e7743113857c113c5bb5a36318d055be8"
"md","instructions","bmb","bmad/bmb/workflows/edit-module/instructions.md","e5e68479df9e521d157acc1bbf370dbf3f70f1ba8b067b1cec3c53fbf20f02ce"
"md","instructions","bmb","bmad/bmb/workflows/edit-workflow/instructions.md","a00ff928cf0425b3a88d3ee592e7e09994529b777caf476364cf69a3c5aee866"
"md","instructions","bmb","bmad/bmb/workflows/module-brief/instructions.md","e2275373850ea0745f396ad0c3aa192f06081b52d98777650f6b645333b62926"
"md","instructions","bmb","bmad/bmb/workflows/redoc/instructions.md","21dd93b64455f8dd475b508ae9f1076d7e179e99fb6f197476071706b78e3592"
"md","module-structure","bmb","bmad/bmb/workflows/create-module/module-structure.md","3bdf1d55eec2fccc2c9f44a08f4e0dc489ce47396ff39fa59a82836a911faa54"
"md","README","bmb","bmad/bmb/README.md","af2cdbeede53eff1ecf95c1e6d7ee1535366ba09b352657fa05576792a2bafb4"
"md","README","bmb","bmad/bmb/workflows/convert-legacy/README.md","3391972c16b7234dae61b2d06daeb6310d1760117ece57abcca0c178c4c33eea"
"md","README","bmb","bmad/bmb/workflows/create-agent/README.md","cc1d51e22c425e005ddbe285510ff5a6fc6cf1e40d0ffe5ff421c1efbcbe94c0"
"md","README","bmb","bmad/bmb/workflows/create-module/README.md","416a322591c4c9bca2008fe7cca04eb389ecab50fbb2e0f8ddb5e4bc7bc53f57"
"md","README","bmb","bmad/bmb/workflows/create-workflow/README.md","2886da179a92dbde5188465470aaffdc3f3b4327a4c63eea13bb20d67292dbe9"
"md","README","bmb","bmad/bmb/workflows/edit-agent/README.md","fadee8e28804d5b6d6668689ee83e024035d2be2840fd6c359e0e095f0e4dcf9"
"md","README","bmb","bmad/bmb/workflows/edit-module/README.md","807df3d74f673399042331e4c5034466d8f146c4b2cdb39fe63ccde6f4509843"
"md","README","bmb","bmad/bmb/workflows/edit-workflow/README.md","2db00015c03a3ed7df4ff609ac27a179885145e4c8190862eea70d8b894ee9be"
"md","README","bmb","bmad/bmb/workflows/module-brief/README.md","05772db9095db7b4944e9fc47a049a3609c506be697537fd5fd9e409c10b92f4"
"md","README","bmb","bmad/bmb/workflows/redoc/README.md","a1b7e02427cf252bca69a8a1ee0f554844a6a01b5d568d74f494c71542056173"
"md","template","bmb","bmad/bmb/workflows/audit-workflow/template.md","98e65880cac3ffb123e513abd48710e57e461418dd79a07d6b712505ed3ddb0e"
"md","template","bmb","bmad/bmb/workflows/create-workflow/workflow-template/template.md","c98f65a122035b456f1cbb2df6ecaf06aa442746d93a29d1d0ed2fc9274a43ee"
"md","template","bmb","bmad/bmb/workflows/module-brief/template.md","7d1ad5ec40b06510fcbb0a3da8ea32aefa493e5b04c3a2bba90ce5685b894275"
"md","workflow-creation-guide","bmb","bmad/bmb/workflows/create-workflow/workflow-creation-guide.md","6e4bef8f19260f40714c3404bd402b2244933c821610506edb7a4f789cffdbbe"
"yaml","bmad-builder.agent","bmb","bmad/bmb/agents/bmad-builder.agent.yaml",""
"yaml","config","bmb","bmad/bmb/config.yaml","7511d5fffb3875be90c1758d2140058f63952ef1e2c92c66f4d603232b1cc3fa"
"yaml","install-config","bmb","bmad/bmb/workflows/create-module/installer-templates/install-config.yaml","f20caf43009df9955b5fa0fa333851bf8b860568c05707d60ed295179c8abfde"
"yaml","workflow","bmb","bmad/bmb/workflows/audit-workflow/workflow.yaml","24a82e15c41995c938c7f338254e5f414cfa8b9b679f3325e8d18435c992ab1c"
"yaml","workflow","bmb","bmad/bmb/workflows/convert-legacy/workflow.yaml","17515280570a6a7cc6254b1753d6d7f4a012af5cb29b2f55d2ce59652fd3cff8"
"yaml","workflow","bmb","bmad/bmb/workflows/create-agent/workflow.yaml","4b5c577c470c34d7e85a8881881e7e42a42758dc3fc12ece896752dfbd324eef"
"yaml","workflow","bmb","bmad/bmb/workflows/create-module/workflow.yaml","da632eac14f6323bb6e4d6821dcc4d266db9ffd52bb43ba7cb2e60ec0c9ae4c6"
"yaml","workflow","bmb","bmad/bmb/workflows/create-workflow/workflow-template/workflow.yaml","2eeb8d1724779956f8e89fda8fa850c3fb1d2b8c6eefecd1b5a4d5f9f58adb91"
"yaml","workflow","bmb","bmad/bmb/workflows/create-workflow/workflow.yaml","79bce9abed20f239a6d0f97a3577c6b76c05b79696b38183569f1204b1140adb"
"yaml","workflow","bmb","bmad/bmb/workflows/edit-agent/workflow.yaml","ab77c603f7bbdf8a8f38ce7e82f6cae40ad9ebcbdf0b590c18f5dece1e8685cd"
"yaml","workflow","bmb","bmad/bmb/workflows/edit-module/workflow.yaml","ee4cd0a932381b67866bd049a8b2ed5b8fde57d48dd488f2317deb649f88cd53"
"yaml","workflow","bmb","bmad/bmb/workflows/edit-workflow/workflow.yaml","9d8e33a8312a5e7cd10de014fb9251c7805be5fa23c7b4b813445b0daafc223c"
"yaml","workflow","bmb","bmad/bmb/workflows/module-brief/workflow.yaml","5e96bb7f5bf32817513225b1572f7bd93dbc724b166aa3af977818a6ba7bcaf0"
"yaml","workflow","bmb","bmad/bmb/workflows/redoc/workflow.yaml","0bef37556f6478ed886845c9811ecc97f41a240d3acd6c2e97ea1e2914f3abf7"
"csv","documentation-requirements","bmm","bmad/bmm/workflows/1-analysis/document-project/documentation-requirements.csv","d1253b99e88250f2130516b56027ed706e643bfec3d99316727a4c6ec65c6c1d"
"csv","pattern-categories","bmm","bmad/bmm/workflows/3-solutioning/architecture/pattern-categories.csv","d9a275931bfed32a65106ce374f2bf8e48ecc9327102a08f53b25818a8c78c04"
"csv","tea-index","bmm","bmad/bmm/testarch/tea-index.csv","23b0e383d06e039a77bb1611b168a2bb5323ed044619a592ac64e36911066c83"
"json","project-scan-report-schema","bmm","bmad/bmm/workflows/1-analysis/document-project/templates/project-scan-report-schema.json","53255f15a10cab801a1d75b4318cdb0095eed08c51b3323b7e6c236ae6b399b7"
"md","analyst","bmm","bmad/bmm/agents/analyst.md","4662a79108ae1589d5b243f4f414e02ebc048c91c4b3bb82a0b7484bb924f472"
"md","architect","bmm","bmad/bmm/agents/architect.md","4e95ca5dcc095e5f0afcaffa2787bb04f7e72c47bb2dfcd8494866e8bed49d6f"
"md","architecture-template","bmm","bmad/bmm/workflows/3-solutioning/architecture/architecture-template.md","ff06f0debe6a15cfaf1c1d0c5a6a8cea8dc857e5a1a9fdf47f664c8b739778c9"
"md","atdd-checklist-template","bmm","bmad/bmm/workflows/testarch/atdd/atdd-checklist-template.md","c7149871527925ba43036e81641715294050137cba0dc6a16fd5684dd72bab34"
"md","AUDIT-REPORT","bmm","bmad/bmm/workflows/4-implementation/dev-story/AUDIT-REPORT.md","809706c392b01e43e2dd43026c803733002bf8d8a71ba9cd4ace26cd4787fce5"
"md","backlog_template","bmm","bmad/bmm/workflows/4-implementation/code-review/backlog_template.md","84b1381c05012999ff9a8b036b11c8aa2f926db4d840d256b56d2fa5c11f4ef7"
"md","bmm-competitor-analyzer","bmm","bmad/bmm/workflows/1-analysis/research/claude-code/sub-agents/bmm-competitor-analyzer.md","82d80930d8ed89d3b58616e53fc6f6f2788fd2fe88a08cff41a1500ff640201c"
"md","bmm-data-analyst","bmm","bmad/bmm/workflows/1-analysis/research/claude-code/sub-agents/bmm-data-analyst.md","a50ddc2dca39cc36289a43ff9c635ab5304e50b60174fa4fc34254d86464599e"
"md","bmm-market-researcher","bmm","bmad/bmm/workflows/1-analysis/research/claude-code/sub-agents/bmm-market-researcher.md","8993d2b104e1aca7b9407d9ab1af8958397c7abdf673b68756747f6d795ae929"
"md","bmm-trend-spotter","bmm","bmad/bmm/workflows/1-analysis/research/claude-code/sub-agents/bmm-trend-spotter.md","375ec3502fadd7f8e2403e71707ece5bbad703ee60360c068f9cf90fe409d6fa"
"md","bmm-user-researcher","bmm","bmad/bmm/workflows/1-analysis/research/claude-code/sub-agents/bmm-user-researcher.md","7f4733add8e3d89546e9769a7b0d259d73c262876ac64aff04d51e3094032afb"
"md","checklist","bmm","bmad/bmm/workflows/1-analysis/document-project/checklist.md","54e260b60ba969ecd6ab60cb9928bc47b3733d7b603366e813eecfd9316533df"
"md","checklist","bmm","bmad/bmm/workflows/1-analysis/product-brief/checklist.md","d801d792e3cf6f4b3e4c5f264d39a18b2992a197bc347e6d0389cc7b6c5905de"
"md","checklist","bmm","bmad/bmm/workflows/1-analysis/research/checklist.md","0524c5a0ea841d9b98b6f5a5cec095d0ecbd35779aa0ae079f6a81d36af16389"
"md","checklist","bmm","bmad/bmm/workflows/2-plan-workflows/create-ux-design/checklist.md","1aa5bc2ad9409fab750ce55475a69ec47b7cdb5f4eac93b628bb5d9d3ea9dacb"
"md","checklist","bmm","bmad/bmm/workflows/2-plan-workflows/narrative/checklist.md","9bcfa41212cd74869199dba1a7d9cd5691e2bbc49e6b74b11e51c32955477524"
"md","checklist","bmm","bmad/bmm/workflows/2-plan-workflows/prd/checklist.md","b4ec310c7d573c7cfba5a37023c57a68a5364a04ab9129de3029e3f3fb6b9f5e"
"md","checklist","bmm","bmad/bmm/workflows/2-plan-workflows/tech-spec/checklist.md","4342858088706451ef60ae8d5aa9125bc1df79734b05d2dbd33660a346b73b7e"
"md","checklist","bmm","bmad/bmm/workflows/3-solutioning/architecture/checklist.md","aa0bd2bde20f45be77c5b43c38a1dfb90c41947ff8320f53150c5f8274680f14"
"md","checklist","bmm","bmad/bmm/workflows/3-solutioning/solutioning-gate-check/checklist.md","c458763b4f2f4e06e2663c111eab969892ee4e690a920b970603de72e0d9c025"
"md","checklist","bmm","bmad/bmm/workflows/4-implementation/code-review/checklist.md","549f958bfe0b28f33ed3dac7b76ea8f266630b3e67f4bda2d4ae85be518d3c89"
"md","checklist","bmm","bmad/bmm/workflows/4-implementation/correct-course/checklist.md","33b2acfcc8fdbab18637218f6c6d16055e0004f0d818f993b0a6aeafac1f6112"
"md","checklist","bmm","bmad/bmm/workflows/4-implementation/create-story/checklist.md","e3a636b15f010fc0c337e35c2a9427d4a0b9746f7f2ac5dda0b2f309f469f5d1"
"md","checklist","bmm","bmad/bmm/workflows/4-implementation/dev-story/checklist.md","77cecc9d45050de194300c841e7d8a11f6376e2fbe0a5aac33bb2953b1026014"
"md","checklist","bmm","bmad/bmm/workflows/4-implementation/epic-tech-context/checklist.md","5e90dc12e01ba5f00301a6724fdac5585596fd6dfc670913938e9e92cdca133a"
"md","checklist","bmm","bmad/bmm/workflows/4-implementation/sprint-planning/checklist.md","80b10aedcf88ab1641b8e5f99c9a400c8fd9014f13ca65befc5c83992e367dd7"
"md","checklist","bmm","bmad/bmm/workflows/4-implementation/story-context/checklist.md","89c90d004e0649624a533d09604384c297b2891847c87cf1dcb358e9c8d0d723"
"md","checklist","bmm","bmad/bmm/workflows/testarch/atdd/checklist.md","c4fa594d949dd8f1f818c11054b28643b458ab05ed90cf65f118deb1f4818e9f"
"md","checklist","bmm","bmad/bmm/workflows/testarch/automate/checklist.md","bf1ae220c15c9f263967d1606658b19adcd37d57aef2b0faa30d34f01e5b0d22"
"md","checklist","bmm","bmad/bmm/workflows/testarch/ci/checklist.md","b0a6233b7d6423721aa551ad543fa708ede1343313109bdc0cbd37673871b410"
"md","checklist","bmm","bmad/bmm/workflows/testarch/framework/checklist.md","d0f1008c374d6c2d08ba531e435953cf862cc280fcecb0cca8e9028ddeb961d1"
"md","checklist","bmm","bmad/bmm/workflows/testarch/nfr-assess/checklist.md","044416df40402db39eb660509eedadafc292c16edc247cf93812f2a325ee032c"
"md","checklist","bmm","bmad/bmm/workflows/testarch/test-design/checklist.md","17b95b1b316ab8d2fc9a2cd986ec5ef481cb4c285ea11651abd53c549ba762bb"
"md","checklist","bmm","bmad/bmm/workflows/testarch/test-review/checklist.md","0626c675114c23019e20e4ae2330a64baba43ad11774ff268c027b3c584a0891"
"md","checklist","bmm","bmad/bmm/workflows/testarch/trace/checklist.md","a4468ae2afa9cf676310ec1351bb34317d5390e4a02ded9684cc15a62f2fd4fd"
"md","ci-burn-in","bmm","bmad/bmm/testarch/knowledge/ci-burn-in.md","de0092c37ea5c24b40a1aff90c5560bbe0c6cc31702de55d4ea58c56a2e109af"
"md","component-tdd","bmm","bmad/bmm/testarch/knowledge/component-tdd.md","88bd1f9ca1d5bcd1552828845fe80b86ff3acdf071bac574eda744caf7120ef8"
"md","contract-testing","bmm","bmad/bmm/testarch/knowledge/contract-testing.md","d8f662c286b2ea4772213541c43aebef006ab6b46e8737ebdc4a414621895599"
"md","data-factories","bmm","bmad/bmm/testarch/knowledge/data-factories.md","d7428fe7675da02b6f5c4c03213fc5e542063f61ab033efb47c1c5669b835d88"
"md","deep-dive-instructions","bmm","bmad/bmm/workflows/1-analysis/document-project/workflows/deep-dive-instructions.md","5df994e4e77a2a64f98fb7af4642812378f15898c984fb4f79b45fb2201f0000"
"md","deep-dive-template","bmm","bmad/bmm/workflows/1-analysis/document-project/templates/deep-dive-template.md","6198aa731d87d6a318b5b8d180fc29b9aa53ff0966e02391c17333818e94ffe9"
"md","dev","bmm","bmad/bmm/agents/dev.md","7776042700c5c67ef617f6a78a35bce4cd0c9c7fa44f7a72be3a10a4bf024a59"
"md","email-auth","bmm","bmad/bmm/testarch/knowledge/email-auth.md","43f4cc3138a905a91f4a69f358be6664a790b192811b4dfc238188e826f6b41b"
"md","epics-template","bmm","bmad/bmm/workflows/2-plan-workflows/prd/epics-template.md","01b8a6e6febdb6c96848ce3fee71458d31f11910e90bd7e01b7ed3200b88644d"
"md","epics-template","bmm","bmad/bmm/workflows/2-plan-workflows/tech-spec/epics-template.md","dc49a7e00debebda36a9762756cead9406e8e0a5e09315cbed35cea5bb3503db"
"md","error-handling","bmm","bmad/bmm/testarch/knowledge/error-handling.md","8a314eafb31e78020e2709d88aaf4445160cbefb3aba788b62d1701557eb81c1"
"md","feature-flags","bmm","bmad/bmm/testarch/knowledge/feature-flags.md","f6db7e8de2b63ce40a1ceb120a4055fbc2c29454ad8fca5db4e8c065d98f6f49"
"md","fixture-architecture","bmm","bmad/bmm/testarch/knowledge/fixture-architecture.md","a3b6c1bcaf5e925068f3806a3d2179ac11dde7149e404bc4bb5602afb7392501"
"md","full-scan-instructions","bmm","bmad/bmm/workflows/1-analysis/document-project/workflows/full-scan-instructions.md","a53c3d92a44625f103f1367f64a4620a7ce9a36d64ca49ad789a66375b5f3d7f"
"md","index-template","bmm","bmad/bmm/workflows/1-analysis/document-project/templates/index-template.md","42c8a14f53088e4fda82f26a3fe41dc8a89d4bcb7a9659dd696136378b64ee90"
"md","instructions","bmm","bmad/bmm/workflows/1-analysis/brainstorm-project/instructions.md","8dfb3df3f50d93fe0245ee8bd9c3ed69198c83ba4030c637416c5696fc4bbfc7"
"md","instructions","bmm","bmad/bmm/workflows/1-analysis/document-project/instructions.md","150154d560155635b7036043bb4c8ee99f52e4a34d1c9db13e955abc69a0452a"
"md","instructions","bmm","bmad/bmm/workflows/1-analysis/product-brief/instructions.md","9df5543c7e4c44bedaaf6b9e1a49cea12f9b96fc39baf821ef035fe2f6283071"
"md","instructions","bmm","bmad/bmm/workflows/2-plan-workflows/create-ux-design/instructions.md","3f12fbb114f821dcd1f97450a2103418aca79216ad7384fd055beba5c1ddae65"
"md","instructions","bmm","bmad/bmm/workflows/2-plan-workflows/prd/instructions.md","09da9d9a7a4b582db42c5a74b2df04a7bf0efd8135b1b42a6a1e089ec0e2fad9"
"md","instructions","bmm","bmad/bmm/workflows/2-plan-workflows/tech-spec/instructions.md","7eabd3975bce25ebc2d2abad15cf123f06aeba915bd8ee604261725f20d035fe"
"md","instructions","bmm","bmad/bmm/workflows/3-solutioning/architecture/instructions.md","8cf44d9e7c5ae018b057c5f146e7437b641ab9354a77998171734c80489faae7"
"md","instructions","bmm","bmad/bmm/workflows/3-solutioning/solutioning-gate-check/instructions.md","546112cdcd2c4663850d2096664830613e58b6539351b632d468cc6d6e000f6b"
"md","instructions","bmm","bmad/bmm/workflows/4-implementation/code-review/instructions.md","e3a68e0d4c51dfaec154a69989cf78d53deaadcd7823a6bfcdb1d63cf5ae9523"
"md","instructions","bmm","bmad/bmm/workflows/4-implementation/correct-course/instructions.md","5e8a3aa9b83166b3d5832ac9f5c8e6944328c26a6e4a399dce56916993b1709f"
"md","instructions","bmm","bmad/bmm/workflows/4-implementation/create-story/instructions.md","b17ab082f21f9d40a86ebe7156d65d5d283c4af0fd0b9eb503edfb5543d9963d"
"md","instructions","bmm","bmad/bmm/workflows/4-implementation/dev-story/instructions.md","2571d592d5e69ea470840013c6e6e9a06b7dd3361782a202503aa1c21b6c0720"
"md","instructions","bmm","bmad/bmm/workflows/4-implementation/epic-tech-context/instructions.md","76df354883967beefbb36daeb970f0185e9610fb5c6e18448701cebc3d0b97f1"
"md","instructions","bmm","bmad/bmm/workflows/4-implementation/retrospective/instructions.md","19bebe04bd5e99f5c6f9bc12e8f17e616f9b31b702d2b2780ffdcf3a076436b8"
"md","instructions","bmm","bmad/bmm/workflows/4-implementation/sprint-planning/instructions.md","2c7f9718f9e8b02a1ce6f5be163072588ce9a8066b05393bfa95d044bb6faeae"
"md","instructions","bmm","bmad/bmm/workflows/4-implementation/story-context/instructions.md","3a4b5c826529e3443d267674265418f45f7813d0daef9b275c507f03924a0ab5"
"md","instructions","bmm","bmad/bmm/workflows/4-implementation/story-done/instructions.md","00e8b4b817b11a8bb1b7a3746fc9991c60acee1551c9de005c423ef9e670272f"
"md","instructions","bmm","bmad/bmm/workflows/4-implementation/story-ready/instructions.md","da51e57c470e7561d61660260d0e5661dd3a269a772ae180910abe5269d9d537"
"md","instructions","bmm","bmad/bmm/workflows/testarch/atdd/instructions.md","afed355e21b2592c2bfe6ce71c64f6556deb082c865208613427a33e5daa61e3"
"md","instructions","bmm","bmad/bmm/workflows/testarch/automate/instructions.md","43958a5fb17e5514101656720add81ae30dc7b38b5e0df596df4b7167d8cc059"
"md","instructions","bmm","bmad/bmm/workflows/testarch/ci/instructions.md","2dbb3687ec7423d01ae29ef0f67400b0df56756a7c0041ef367d6c95b6f695c2"
"md","instructions","bmm","bmad/bmm/workflows/testarch/framework/instructions.md","2bbaaa5559917cb2f5da2121df763893dc4ccd703afc385d9d71b5b379a798e8"
"md","instructions","bmm","bmad/bmm/workflows/testarch/nfr-assess/instructions.md","a3838c8e5dcb1735962176aa07cc8f7a1d5a1e1ad70207a27a8152015cfebbcb"
"md","instructions","bmm","bmad/bmm/workflows/testarch/test-design/instructions.md","b0e17d6cbc4852f4808ae891dc4c70d80cb7df267d1a5e4c138d8c92d12c1319"
"md","instructions","bmm","bmad/bmm/workflows/testarch/test-review/instructions.md","8e1ed220ae9fb0ea5eba0a75f7fc755b774d8c1cfbaf15c9b972fdbdab76d954"
"md","instructions","bmm","bmad/bmm/workflows/testarch/trace/instructions.md","e34afa60d1dc5810a37372f59cb37b4f42f08c811948968dddea9668b669b3d2"
"md","instructions","bmm","bmad/bmm/workflows/workflow-status/init/instructions.md","68c2e72d1451219c66368d9635826f13ab9743dae6ed4f77018231aeda96ec93"
"md","instructions","bmm","bmad/bmm/workflows/workflow-status/instructions.md","d48312ee74ee66ca935ce655c67a3b332b49c5911a22dd79f2dd13c04c9621f0"
"md","instructions-deep-prompt","bmm","bmad/bmm/workflows/1-analysis/research/instructions-deep-prompt.md","48c84225869b94e22f310fecb0c7fd410e41741b274d909a6324f4f219327d5b"
"md","instructions-level0-story","bmm","bmad/bmm/workflows/2-plan-workflows/tech-spec/instructions-level0-story.md","e9662100b334e0c50098799d8dab138cf12852ef896a982df006e58318f41db9"
"md","instructions-level1-stories","bmm","bmad/bmm/workflows/2-plan-workflows/tech-spec/instructions-level1-stories.md","312bd0610f073adacf62e7901e200731f37ea982968c1c46c7d6b873b8e60598"
"md","instructions-market","bmm","bmad/bmm/workflows/1-analysis/research/instructions-market.md","d611baf1a8185da43991c5d70f4301c9bbd437cbd9bc35211fc76bc4350a63c4"
"md","instructions-narrative","bmm","bmad/bmm/workflows/2-plan-workflows/narrative/instructions-narrative.md","6e49b8c139eb8b42260e556fca0964260cc006a4c8d1796faebb95fc3e347580"
"md","instructions-router","bmm","bmad/bmm/workflows/1-analysis/research/instructions-router.md","7ef587d989bc8522e2558bd6b4f19af62382abb7cd1b16dfefe6b966effac5c9"
"md","instructions-technical","bmm","bmad/bmm/workflows/1-analysis/research/instructions-technical.md","3927f01f88493985b5eb736a5a27fc1baf29f534535a10bcd26e0709bdda26b6"
"md","narrative-template","bmm","bmad/bmm/workflows/2-plan-workflows/narrative/narrative-template.md","a97e07173c540f85e946eb9c525e1ccad9294ae5f970760f2a9c537b5c0dcd6b"
"md","network-first","bmm","bmad/bmm/testarch/knowledge/network-first.md","2920e58e145626f5505bcb75e263dbd0e6ac79a8c4c2ec138f5329e06a6ac014"
"md","nfr-criteria","bmm","bmad/bmm/testarch/knowledge/nfr-criteria.md","e63cee4a0193e4858c8f70ff33a497a1b97d13a69da66f60ed5c9a9853025aa1"
"md","nfr-report-template","bmm","bmad/bmm/workflows/testarch/nfr-assess/nfr-report-template.md","b1d8fcbdfc9715a285a58cb161242dea7d311171c09a2caab118ad8ace62b80c"
"md","playwright-config","bmm","bmad/bmm/testarch/knowledge/playwright-config.md","42516511104a7131775f4446196cf9e5dd3295ba3272d5a5030660b1dffaa69f"
"md","pm","bmm","bmad/bmm/agents/pm.md","7e67d53f97bca5cbe516e4109a7267ce2e2ecd8c55be67bde8ae52282add3b4b"
"md","prd-template","bmm","bmad/bmm/workflows/2-plan-workflows/prd/prd-template.md","dabed6d227d6d8e98457f68a8f666a6effe3a78b374a5f937ccacc78ddf05216"
"md","probability-impact","bmm","bmad/bmm/testarch/knowledge/probability-impact.md","446dba0caa1eb162734514f35366f8c38ed3666528b0b5e16c7f03fd3c537d0f"
"md","project-context","bmm","bmad/bmm/workflows/1-analysis/brainstorm-project/project-context.md","0f1888da4bfc4f24c4de9477bd3ccb2a6fb7aa83c516dfdc1f98fbd08846d4ba"
"md","project-overview-template","bmm","bmad/bmm/workflows/1-analysis/document-project/templates/project-overview-template.md","a7c7325b75a5a678dca391b9b69b1e3409cfbe6da95e70443ed3ace164e287b2"
"md","readme","bmm","bmad/bmm/workflows/3-solutioning/architecture/readme.md","0f10f59151c849b344e20b32f6e242d87089a62f0e5248e702a142d8948bf44d"
"md","README","bmm","bmad/bmm/README.md","6677445c867493c525d5b626d63234a4f04d083b0689181851e3dbdf46644f47"
"md","README","bmm","bmad/bmm/testarch/README.md","2ae906adc1edde5ba3af2a20d78d9cef640897347ec46453233d611115c3e1ac"
"md","README","bmm","bmad/bmm/workflows/1-analysis/brainstorm-project/README.md","fd47cd55214411b4f90d66698661a17595a18e01e86bff3b35518e815f49ec17"
"md","README","bmm","bmad/bmm/workflows/1-analysis/document-project/README.md","883a804a9447fdab5db3808346c1ed87636eeba41ad245b0118882293b08deb4"
"md","README","bmm","bmad/bmm/workflows/1-analysis/document-project/templates/README.md","a5e3775d1dd3cf6958b782361229ad5602e55d140e8976f9c87e2051346d7e2a"
"md","README","bmm","bmad/bmm/workflows/1-analysis/product-brief/README.md","e891a719ac22e5cd754b55efc7b2f367094c8fa00e802139b3cb1f9fabf1c559"
"md","README","bmm","bmad/bmm/workflows/1-analysis/research/README.md","e365d495308a23d6163f3353c4efa254ecaef0ef9ecf7427398509de751ca207"
"md","README","bmm","bmad/bmm/workflows/2-plan-workflows/README.md","d115f5ecd955fa82373eb713edb10e038be1360fe56384ada5187bd3c434f5f1"
"md","README","bmm","bmad/bmm/workflows/3-solutioning/README.md","d26584993cc212c082226afa7130e4208481043f3afed0cbbf83bf2e75cbfa65"
"md","README","bmm","bmad/bmm/workflows/3-solutioning/solutioning-gate-check/README.md","ecab10e9f4b5d405358151fe8ce20a7c763ee66e6dd634c16b0194de99520da3"
"md","README","bmm","bmad/bmm/workflows/4-implementation/README.md","fcae4ac77a0e49114232656c29c1b676551ea16af65e027901cbfa36a1cefc9a"
"md","README","bmm","bmad/bmm/workflows/4-implementation/code-review/README.md","b02ce4e580cfdeeedc1c118e774902502a0546a93c2d3b7e88b668393ecd7565"
"md","README","bmm","bmad/bmm/workflows/4-implementation/correct-course/README.md","7d5324ef1abbb4b46da2f850e7b57ce8856a5c6b3f9b2af2804f9cd71f007d8f"
"md","README","bmm","bmad/bmm/workflows/4-implementation/create-story/README.md","245e040be961b94f80ea09777fea9d9f90e3aab1d54939132b68ccd54519a4e1"
"md","README","bmm","bmad/bmm/workflows/4-implementation/dev-story/README.md","48886af58eacc0190d444eb8494f7ac3e0b5a467dfa738ab76f505d80c7dcc9d"
"md","README","bmm","bmad/bmm/workflows/4-implementation/epic-tech-context/README.md","37b8ca1271b0ce45c5437fb7488b8eecb0981f17c3d720c591e663dd0a22677a"
"md","README","bmm","bmad/bmm/workflows/4-implementation/retrospective/README.md","ae7e8503dabb3f8b9e21e662a8143a996b825a658f6e8feef53b43502246353c"
"md","README","bmm","bmad/bmm/workflows/4-implementation/sprint-planning/README.md","b64796d87e654343e6e1bb1a565bbc14ad511d892a318fdc5bdf785d58549aa5"
"md","README","bmm","bmad/bmm/workflows/4-implementation/story-context/README.md","aadd2d77c2c254a358a0b91f4db48a1ad69815226120fab74ebc40bc209f8246"
"md","README","bmm","bmad/bmm/workflows/README.md","17c948c5c501ef0b2c35d3fb7578a5ce72d69e412daf7ea6f101d38b0c9ef67c"
"md","README","bmm","bmad/bmm/workflows/testarch/README.md","2c425b38cc6229a82c21802cbff3e6e3a93c3b889228b3de63b21afca5ccc79d"
"md","README","bmm","bmad/bmm/workflows/testarch/atdd/README.md","8aa59b4a4d55c8cd21ffb41491c99ecf1ad9e78011e1926f5c54707c50a55fe0"
"md","README","bmm","bmad/bmm/workflows/testarch/automate/README.md","feb4661f378d00e4ec11142dd9fa71a658806b189bfa5fdda1759804f1ecc3d3"
"md","README","bmm","bmad/bmm/workflows/testarch/ci/README.md","4419f7bedf32d6c0625ff521189e1f34c067b455a93eb032ac8b44a4bf5f82ce"
"md","README","bmm","bmad/bmm/workflows/testarch/framework/README.md","45e223556745ebeb443beb2d326b20963175668bb5b28abd9934a6cf7c9115f9"
"md","README","bmm","bmad/bmm/workflows/testarch/nfr-assess/README.md","1c3f07243e60d5a425fac7b2eab17c0328f6318c74245143c91aa3fd51466ca1"
"md","README","bmm","bmad/bmm/workflows/testarch/test-design/README.md","292deef370b5a7fc92c0d25fcff337e3908d1ddb4cb333f2bdab82104459da21"
"md","README","bmm","bmad/bmm/workflows/testarch/test-review/README.md","08ba52231bda562e69d4211e5fb54d703c3e9ed5db9f9eda717d83134be15dea"
"md","README","bmm","bmad/bmm/workflows/testarch/trace/README.md","b9a280d698089af40eef690a158a051fe45c1581f0716e5b33f1de9d2a848de6"
"md","README","bmm","bmad/bmm/workflows/workflow-status/README.md","12ffcdb65e35f069f4de6e622e655d13536011cea79a507c795dd2fcb319443c"
"md","risk-governance","bmm","bmad/bmm/testarch/knowledge/risk-governance.md","2fa2bc3979c4f6d4e1dec09facb2d446f2a4fbc80107b11fc41cbef2b8d65d68"
"md","selective-testing","bmm","bmad/bmm/testarch/knowledge/selective-testing.md","c14c8e1bcc309dbb86a60f65bc921abf5a855c18a753e0c0654a108eb3eb1f1c"
"md","selector-resilience","bmm","bmad/bmm/testarch/knowledge/selector-resilience.md","a55c25a340f1cd10811802665754a3f4eab0c82868fea61fea9cc61aa47ac179"
"md","sm","bmm","bmad/bmm/agents/sm.md","277cb8e17eeec71d90deea734d8c753f5f82ea255aa9ee8dfd8b067951008c88"
"md","source-tree-template","bmm","bmad/bmm/workflows/1-analysis/document-project/templates/source-tree-template.md","109bc335ebb22f932b37c24cdc777a351264191825444a4d147c9b82a1e2ad7a"
"md","tea","bmm","bmad/bmm/agents/tea.md","97a2cf3d200a9ed038559a4c524e9b333f4d37cff480e976a9a4a292de63df3a"
"md","tech-spec-template","bmm","bmad/bmm/workflows/2-plan-workflows/tech-spec/tech-spec-template.md","d02cdd43dea4025d2b691e05b458fc24129e87f98cf18598d742e55c1ae84c70"
"md","template","bmm","bmad/bmm/workflows/1-analysis/product-brief/template.md","6e80489578bf0908c70742b36997007ea3978bcd14af7ee6b1dca5d54679090e"
"md","template","bmm","bmad/bmm/workflows/3-solutioning/solutioning-gate-check/template.md","11c3b7573991c001a7f7780daaf5e5dfa4c46c3ea1f250c5bbf86c5e9f13fc8b"
"md","template","bmm","bmad/bmm/workflows/4-implementation/create-story/template.md","83c5d21312c0f2060888a2a8ba8332b60f7e5ebeb9b24c9ee59ba96114afb9c9"
"md","template","bmm","bmad/bmm/workflows/4-implementation/epic-tech-context/template.md","b5c5d0686453b7c9880d5b45727023f2f6f8d6e491b47267efa8f968f20074e3"
"md","template-deep-prompt","bmm","bmad/bmm/workflows/1-analysis/research/template-deep-prompt.md","2e65c7d6c56e0fa3c994e9eb8e6685409d84bc3e4d198ea462fa78e06c1c0932"
"md","template-market","bmm","bmad/bmm/workflows/1-analysis/research/template-market.md","28631d8693beac54f4b47f38b143d5efc91f8ed7673e396a7b40304db7eba6cb"
"md","template-technical","bmm","bmad/bmm/workflows/1-analysis/research/template-technical.md","6f571c638c9d2f12ded2cf82ed7c5064a25e99f197fcd42dc558cb45e7ebaf93"
"md","test-design-template","bmm","bmad/bmm/workflows/testarch/test-design/test-design-template.md","ccf81b14ec366cbd125a1cdebe40f07fcf7a9789b0ecc3e57111fc4526966d46"
"md","test-healing-patterns","bmm","bmad/bmm/testarch/knowledge/test-healing-patterns.md","b44f7db1ebb1c20ca4ef02d12cae95f692876aee02689605d4b15fe728d28fdf"
"md","test-levels-framework","bmm","bmad/bmm/testarch/knowledge/test-levels-framework.md","80bbac7959a47a2e7e7de82613296f906954d571d2d64ece13381c1a0b480237"
"md","test-priorities-matrix","bmm","bmad/bmm/testarch/knowledge/test-priorities-matrix.md","321c3b708cc19892884be0166afa2a7197028e5474acaf7bc65c17ac861964a5"
"md","test-quality","bmm","bmad/bmm/testarch/knowledge/test-quality.md","97b6db474df0ec7a98a15fd2ae49671bb8e0ddf22963f3c4c47917bb75c05b90"
"md","test-review-template","bmm","bmad/bmm/workflows/testarch/test-review/test-review-template.md","3e68a73c48eebf2e0b5bb329a2af9e80554ef443f8cd16652e8343788f249072"
"md","timing-debugging","bmm","bmad/bmm/testarch/knowledge/timing-debugging.md","c4c87539bbd3fd961369bb1d7066135d18c6aad7ecd70256ab5ec3b26a8777d9"
"md","trace-template","bmm","bmad/bmm/workflows/testarch/trace/trace-template.md","5453a8e4f61b294a1fc0ba42aec83223ae1bcd5c33d7ae0de6de992e3ee42b43"
"md","user-story-template","bmm","bmad/bmm/workflows/2-plan-workflows/tech-spec/user-story-template.md","bbe87bdbf7ec6096115bb6b41faf431837b06b208286f2f86afc459a278624c8"
"md","ux-design-template","bmm","bmad/bmm/workflows/2-plan-workflows/create-ux-design/ux-design-template.md","f9b8ae0fe08c6a23c63815ddd8ed43183c796f266ffe408f3426af1f13b956db"
"md","ux-designer","bmm","bmad/bmm/agents/ux-designer.md","2913eebbc6eeff757ef08e8d42c68730ba3f6837d311fcbbe647a161a16b36cf"
"md","visual-debugging","bmm","bmad/bmm/testarch/knowledge/visual-debugging.md","072a3d30ba6d22d5e628fc26a08f6e03f8b696e49d5a4445f37749ce5cd4a8a9"
"md","workflow-status-template","bmm","bmad/bmm/workflows/workflow-status/workflow-status-template.md","af53865951465341c3f295ba4f5a05463c3861f7f53651b983726becb7007348"
"xml","context-template","bmm","bmad/bmm/workflows/4-implementation/story-context/context-template.xml","6b88d07ff10f51bb847d70e02f22d8927beb6ef1e55d5acf647e8f23b5821921"
"xml","daily-standup","bmm","bmad/bmm/tasks/daily-standup.xml","667194d00272fd2204ed0712c934778f0d20de62f6c09dfc5080e7700239ca36"
"xml","retrospective","bmm","bmad/bmm/tasks/retrospective.xml","0c7ed9b6a5a590a58f35fca3f9d04e548bb62fb3e9bd0c8e22df24c1dc905c7b"
"yaml","analyst.agent","bmm","bmad/bmm/agents/analyst.agent.yaml",""
"yaml","architect.agent","bmm","bmad/bmm/agents/architect.agent.yaml",""
"yaml","architecture-patterns","bmm","bmad/bmm/workflows/3-solutioning/architecture/architecture-patterns.yaml","9394c1e632e01534f7a1afd676de74b27f1868f58924f21b542af3631679c552"
"yaml","brownfield-level-0","bmm","bmad/bmm/workflows/workflow-status/paths/brownfield-level-0.yaml","7c24d3109ab4d12b8791a5256589c8626962ae7e1a9a5d40968ce9f59c48cdb1"
"yaml","brownfield-level-1","bmm","bmad/bmm/workflows/workflow-status/paths/brownfield-level-1.yaml","6df90c26a4cc18558ce80cc59a7618d53bce148d2150c86a06d4c6244f8dbdda"
"yaml","brownfield-level-2","bmm","bmad/bmm/workflows/workflow-status/paths/brownfield-level-2.yaml","5871238d5a1a63522e226eb17a99e57d2eee0310ce1f949e278b15388aa4d4bb"
"yaml","brownfield-level-3","bmm","bmad/bmm/workflows/workflow-status/paths/brownfield-level-3.yaml","57df5a1d3aebb9204da62f3859925a68376681c3f03c23b6674d4a9cc6e91355"
"yaml","brownfield-level-4","bmm","bmad/bmm/workflows/workflow-status/paths/brownfield-level-4.yaml","f445b19628be1b0ddf448d0014ef75d907db88afa9fcc6cc26babed38ca7671f"
"yaml","config","bmm","bmad/bmm/config.yaml","dbe0beae1aa12873b17eded4da47943b3c06c8b50b065bc2738cf17096340178"
"yaml","decision-catalog","bmm","bmad/bmm/workflows/3-solutioning/architecture/decision-catalog.yaml","f7fc2ed6ec6c4bd78ec808ad70d24751b53b4835e0aad1088057371f545d3c82"
"yaml","deep-dive","bmm","bmad/bmm/workflows/1-analysis/document-project/workflows/deep-dive.yaml","00e04faec92eca2e224ba75561cb99c7b27898faf49154a9c1087c6aa8c0c6f4"
"yaml","dev.agent","bmm","bmad/bmm/agents/dev.agent.yaml",""
"yaml","full-scan","bmm","bmad/bmm/workflows/1-analysis/document-project/workflows/full-scan.yaml","73b45a946dce9394d6a0c578bdefc627f7f7ef9dcbe72948b2926098df0bbb86"
"yaml","game-design","bmm","bmad/bmm/workflows/workflow-status/paths/game-design.yaml","9f8f86788fa4a39cb3063c7fc9e6c6bb96396cc0e9813a4014567556f0808956"
"yaml","github-actions-template","bmm","bmad/bmm/workflows/testarch/ci/github-actions-template.yaml","28c0de7c96481c5a7719596c85dd0ce8b5dc450d360aeaa7ebf6294dcf4bea4c"
"yaml","gitlab-ci-template","bmm","bmad/bmm/workflows/testarch/ci/gitlab-ci-template.yaml","bc83b9240ad255c6c2a99bf863b9e519f736c99aeb4b1e341b07620d54581fdc"
"yaml","greenfield-level-0","bmm","bmad/bmm/workflows/workflow-status/paths/greenfield-level-0.yaml","2822603b914ec7b6ab781c5086251c37c1ab8613d8c3e71d39499affd10725e1"
"yaml","greenfield-level-1","bmm","bmad/bmm/workflows/workflow-status/paths/greenfield-level-1.yaml","0e5fa26bec70923d6e7267be6be61eb965276a77440bf528c87f14f79a87950d"
"yaml","greenfield-level-2","bmm","bmad/bmm/workflows/workflow-status/paths/greenfield-level-2.yaml","af061b8b42550ce26e48c7daeaf59e03108ad8f41b05b7ee0022c8a97c3bbcba"
"yaml","greenfield-level-3","bmm","bmad/bmm/workflows/workflow-status/paths/greenfield-level-3.yaml","3f906d8fc15a4892a6657d84770703376b73253cfaf7cb69c9fdfbce0b97b76c"
"yaml","greenfield-level-4","bmm","bmad/bmm/workflows/workflow-status/paths/greenfield-level-4.yaml","1199c9974b40758d63adc10a60600683adc9b1c7be5587c80b3eff7155b73937"
"yaml","injections","bmm","bmad/bmm/workflows/1-analysis/research/claude-code/injections.yaml","dd6dd6e722bf661c3c51d25cc97a1e8ca9c21d517ec0372e469364ba2cf1fa8b"
"yaml","pm.agent","bmm","bmad/bmm/agents/pm.agent.yaml",""
"yaml","project-levels","bmm","bmad/bmm/workflows/workflow-status/project-levels.yaml","09d810864558bfbc5a83ed8989847a165bd59119dfe420194771643daff6c813"
"yaml","sm.agent","bmm","bmad/bmm/agents/sm.agent.yaml",""
"yaml","sprint-status-template","bmm","bmad/bmm/workflows/4-implementation/sprint-planning/sprint-status-template.yaml","314af29f980b830cc2f67b32b3c0c5cc8a3e318cc5b2d66ff94540e5c80e3aca"
"yaml","tea.agent","bmm","bmad/bmm/agents/tea.agent.yaml",""
"yaml","team-fullstack","bmm","bmad/bmm/teams/team-fullstack.yaml","f6e12ad099bbcc048990ea9c0798587b044880f17494dbce0b9dd35a7a674d05"
"yaml","team-gamedev","bmm","bmad/bmm/teams/team-gamedev.yaml","aa6cad296fbe4a967647f378fcd9c2eb2e4dbedfea72029f54d1cae5e2a67e27"
"yaml","ux-designer.agent","bmm","bmad/bmm/agents/ux-designer.agent.yaml",""
"yaml","validation-criteria","bmm","bmad/bmm/workflows/3-solutioning/solutioning-gate-check/validation-criteria.yaml","d690edf5faf95ca1ebd3736e01860b385b05566da415313d524f4db12f9a5af4"
"yaml","workflow","bmm","bmad/bmm/workflows/1-analysis/brainstorm-project/workflow.yaml","9fa9d8a3e3467e00b9ba187f91520760751768b56fa14a325cc166e708067afb"
"yaml","workflow","bmm","bmad/bmm/workflows/1-analysis/document-project/workflow.yaml","1f6b0d9dada06fee98c8bfa5735665704aa37a18c2cf760f1ebad60005c2d540"
"yaml","workflow","bmm","bmad/bmm/workflows/1-analysis/product-brief/workflow.yaml","c1aa1d6e2306f19fd4dd64c57f21bc972f612cdbe3a580fef18f693927d41257"
"yaml","workflow","bmm","bmad/bmm/workflows/1-analysis/research/workflow.yaml","94ef49500ae77c46cbee31d81a998c890a102100ab1043954238da03a35d8581"
"yaml","workflow","bmm","bmad/bmm/workflows/2-plan-workflows/create-ux-design/workflow.yaml","a4f11f195af034f0a74199229e1155768e0e66608685040b221f0394474a51fb"
"yaml","workflow","bmm","bmad/bmm/workflows/2-plan-workflows/narrative/workflow.yaml","69a6223af100fe63486bfcf72706435701f11cc464021ef8fe812a572b17436b"
"yaml","workflow","bmm","bmad/bmm/workflows/2-plan-workflows/prd/workflow.yaml","9075aabf10fe80ea52c8d0629808bdf11fc5c3424bb49674f5981da941c11963"
"yaml","workflow","bmm","bmad/bmm/workflows/2-plan-workflows/tech-spec/workflow.yaml","af60415d9b2291e3e155ef3a2c942e9f6f8fc37d700318b15cf7c5dc610ed62c"
"yaml","workflow","bmm","bmad/bmm/workflows/3-solutioning/architecture/workflow.yaml","a9fedea91d93158119fd73b70d158752085c2ba5ac2d43fb07793beedb59cd6d"
"yaml","workflow","bmm","bmad/bmm/workflows/3-solutioning/solutioning-gate-check/workflow.yaml","92404d8faf3b649a46cad7b14e9f747570c929cb4cb34caec42e54c05bdceaab"
"yaml","workflow","bmm","bmad/bmm/workflows/4-implementation/code-review/workflow.yaml","cc070ee10b5fa4cc211c43ee9d857e1777215ad18591c36d5377db5fd825e89d"
"yaml","workflow","bmm","bmad/bmm/workflows/4-implementation/correct-course/workflow.yaml","29fd40a0b4b16cba64462224732101de2c9050206c0c77dd555399ba8273fb5d"
"yaml","workflow","bmm","bmad/bmm/workflows/4-implementation/create-story/workflow.yaml","8c1b5b9b2ff9ebb0bb661ccebd52e38cf4269c0f84c0ee9c9ca8f8fd9e509a2f"
"yaml","workflow","bmm","bmad/bmm/workflows/4-implementation/dev-story/workflow.yaml","96703263763717900ab1695de19a558c817a472e007af24b380f238c59a4c78d"
"yaml","workflow","bmm","bmad/bmm/workflows/4-implementation/epic-tech-context/workflow.yaml","63f3edf30ee74ea3994de26e9f640e85189acedc73b4a97fff480c8905d3f375"
"yaml","workflow","bmm","bmad/bmm/workflows/4-implementation/retrospective/workflow.yaml","723f18099e495d61f4826f60772d8ef50f688c3327a89a61e6afe4fdeab8cd1d"
"yaml","workflow","bmm","bmad/bmm/workflows/4-implementation/sprint-planning/workflow.yaml","1aa59221deeb1f932fa9e12fb615064174f0b7cd3ad8107c5c9d1dc16171a7de"
"yaml","workflow","bmm","bmad/bmm/workflows/4-implementation/story-context/workflow.yaml","d59b37f5da34a07dbd81dcf5b89ce5eabb91344d22aa2bc949e4459778b048d7"
"yaml","workflow","bmm","bmad/bmm/workflows/4-implementation/story-done/workflow.yaml","9edfac176cc3919bbf753e8671c38fb98a210f6a68c341abbf0cc39633435043"
"yaml","workflow","bmm","bmad/bmm/workflows/4-implementation/story-ready/workflow.yaml","7c59d8ffaacb9982014fdad8c95ac1a99985ee4641a33130f251cc696fcf6bde"
"yaml","workflow","bmm","bmad/bmm/workflows/testarch/atdd/workflow.yaml","b1bc5f8101fabf3fd1dd725d3fd1e5d8568e5497856ccf0556c86a0435214d95"
"yaml","workflow","bmm","bmad/bmm/workflows/testarch/automate/workflow.yaml","44b21e50e8419dbfdfbf7281b61f9e6f6630f4e9cf720fbe5e54b236d9d5e90d"
"yaml","workflow","bmm","bmad/bmm/workflows/testarch/ci/workflow.yaml","de89801ec80bd7e13c030a2912b4eee8992e8e2bfd020b59f85466d3569802f9"
"yaml","workflow","bmm","bmad/bmm/workflows/testarch/framework/workflow.yaml","72786ba1124a51e52acc825a340dcfda2188432ee6514f9e6e30b3bd0ef95123"
"yaml","workflow","bmm","bmad/bmm/workflows/testarch/nfr-assess/workflow.yaml","f7b005bf1af420693a8415b246bf4e87d827364cde09003649e6c234e6a4c5dc"
"yaml","workflow","bmm","bmad/bmm/workflows/testarch/test-design/workflow.yaml","13c1255f250701a176dcc9d50f3acfcb0d310a2a15da92af56d658b2ed78e5c2"
"yaml","workflow","bmm","bmad/bmm/workflows/testarch/test-review/workflow.yaml","19a389464ae744d5dd149e46c58beffb341cecc52198342a7c342cd3895d22f2"
"yaml","workflow","bmm","bmad/bmm/workflows/testarch/trace/workflow.yaml","9e112a5d983d7b517e22f20b815772e38f42d2568a4dcb7d8eb5afaf9e246963"
"yaml","workflow","bmm","bmad/bmm/workflows/workflow-status/init/workflow.yaml","585dcc0b303ea6e7c2527d1ade2f234281c83cc36eda6598d8191614b376f3d8"
"yaml","workflow","bmm","bmad/bmm/workflows/workflow-status/workflow.yaml","abcb7b9a133d46c39a6d36471c3a44c991cdaa2bd0e6fdc75dafa99cdbe7b701"
"csv","design-methods","cis","bmad/cis/workflows/design-thinking/design-methods.csv","f5fe4a911305fb94af37d21d3a74847eb37a028ef9da994459a2c64a5a52c9de"
"csv","innovation-frameworks","cis","bmad/cis/workflows/innovation-strategy/innovation-frameworks.csv","59780af3d50270bf978a9a8919cd156d38678f32cbac4f9fd960a074545b8e33"
"csv","solving-methods","cis","bmad/cis/workflows/problem-solving/solving-methods.csv","c0aa9c9ed2cee8c86d9a0691d9884485495da104c42e4909e3ee235432f72a13"
"csv","story-types","cis","bmad/cis/workflows/storytelling/story-types.csv","ec5a3c713617bf7e2cf7db439303dd8f3363daa2f6db20a350c82260ade88bdb"
"md","brainstorming-coach","cis","bmad/cis/agents/brainstorming-coach.md","575658080178a0378b51249f805dc18a8b45bca9bd52032e3a97bd1160c64fcb"
"md","creative-problem-solver","cis","bmad/cis/agents/creative-problem-solver.md","2dc08760b34d7328392cae249e8454c655143ed20074cc2d9acf3149d982689f"
"md","design-thinking-coach","cis","bmad/cis/agents/design-thinking-coach.md","5374ac22137c53fc1f18d14825a4fd9965635aec8fe47676c9bf28bfaddf7380"
"md","innovation-strategist","cis","bmad/cis/agents/innovation-strategist.md","d8a3789604cd16d855faf3f2b81c8af68c2b12d0641300c6c5ee24111157b797"
"md","instructions","cis","bmad/cis/workflows/design-thinking/instructions.md","40e09c9c8dfcb57bb9f89f6357d619dc006d6520239494144a9122e5086d87dc"
"md","instructions","cis","bmad/cis/workflows/innovation-strategy/instructions.md","fa8fbe1e56f666b0931a0c782cbf49f8b65dfa366c8ffa208f21ba3881bdb331"
"md","instructions","cis","bmad/cis/workflows/problem-solving/instructions.md","9b4e1fd2e5ea8ce5c6d4fdb495291775225ad7aaca8a39d7ac3351b7475c0cc1"
"md","instructions","cis","bmad/cis/workflows/storytelling/instructions.md","a25be2e6d94d9b20caf53e3889dcb47af00ce49b1a5d1d7673a1a6bcb4d889c3"
"md","readme","cis","bmad/cis/readme.md","1f1476a033812c687724619f8bb00eb9c994ecff7dc08c52bd92cfb9f822b6f1"
"md","README","cis","bmad/cis/agents/README.md","dd7276c44ba77e9d856efaa9587666267279564a3f930398869f475341cd9c38"
"md","README","cis","bmad/cis/workflows/README.md","91b568dcdda5ba635f4c0cc3ff72329532637de2ecb5a2758642ce4c2d4bf817"
"md","README","cis","bmad/cis/workflows/design-thinking/README.md","0a38f88352dc4674f6e1f55a67ffebf403bf329c874a21a49ce7834c08f91f62"
"md","README","cis","bmad/cis/workflows/innovation-strategy/README.md","820a9e734fadf2cfac94d499cec2e4b41a54d054c0d2f6b9819da319beee4fb9"
"md","README","cis","bmad/cis/workflows/problem-solving/README.md","a5e75b9899751d7aabffcf65785f10d4d2e0455f8c7c541e8a143e3babceca8b"
"md","README","cis","bmad/cis/workflows/storytelling/README.md","1bad4223dce51cb5a7ab8c116467f78037a4583d3a840210ee2f160ad15b71ee"
"md","storyteller","cis","bmad/cis/agents/storyteller.md","931797eb435adb0460b7c4c3dd9f209c03d637c99cb8076deecd4b4a4a99a9b6"
"md","template","cis","bmad/cis/workflows/design-thinking/template.md","7834c387ac0412c841b49a9fcdd8043f5ce053e5cb26993548cf4d31b561f6f0"
"md","template","cis","bmad/cis/workflows/innovation-strategy/template.md","3e649531c0d8ac94e147159cd456aa0e1726439e8518c3ccc2ad08fc486aed59"
"md","template","cis","bmad/cis/workflows/problem-solving/template.md","6c9efd7ac7b10010bd9911db16c2fbdca01fb0c306d871fa6381eef700b45608"
"md","template","cis","bmad/cis/workflows/storytelling/template.md","461981aa772ef2df238070cbec90fc40995df2a71a8c22225b90c91afed57452"
"yaml","brainstorming-coach.agent","cis","bmad/cis/agents/brainstorming-coach.agent.yaml",""
"yaml","config","cis","bmad/cis/config.yaml","bdb3c3cb0f611744ec2c0f450d944f9dee7fcb80624113623c3c2a877262afcd"
"yaml","creative-problem-solver.agent","cis","bmad/cis/agents/creative-problem-solver.agent.yaml",""
"yaml","creative-squad","cis","bmad/cis/teams/creative-squad.yaml","5c31e9dd98fff661baa82e71ae3dd5856883fabbc245a62e28a77c4e2df83dec"
"yaml","design-thinking-coach.agent","cis","bmad/cis/agents/design-thinking-coach.agent.yaml",""
"yaml","innovation-strategist.agent","cis","bmad/cis/agents/innovation-strategist.agent.yaml",""
"yaml","storyteller.agent","cis","bmad/cis/agents/storyteller.agent.yaml",""
"yaml","workflow","cis","bmad/cis/workflows/design-thinking/workflow.yaml","a1bc933af1982db11ac6b2a26749c20b42683d9c75315992662ba6c2ad184b1f"
"yaml","workflow","cis","bmad/cis/workflows/innovation-strategy/workflow.yaml","c613120567bd7890558f746925ed4b34947f964265c66539687db2eb6f1420f1"
"yaml","workflow","cis","bmad/cis/workflows/problem-solving/workflow.yaml","fa93582b4b27dd9a91876e417d2f50156080966f788600e9b3b10fbc0b6ff628"
"yaml","workflow","cis","bmad/cis/workflows/storytelling/workflow.yaml","d0af924c5f573c3c57bfd7eeaf712dadea9d96ca77383a3c2e4cd2d9fddc87eb"
"csv","adv-elicit-methods","core","bmad/core/tasks/adv-elicit-methods.csv","b4e925870f902862899f12934e617c3b4fe002d1b652c99922b30fa93482533b"
"csv","brain-methods","core","bmad/core/workflows/brainstorming/brain-methods.csv","ecffe2f0ba263aac872b2d2c95a3f7b1556da2a980aa0edd3764ffb2f11889f3"
"md","bmad-master","core","bmad/core/agents/bmad-master.md","da52edd5ab4fd9a189c3e27cc8d114eeefe0068ff85febdca455013b8c85da1a"
"md","instructions","core","bmad/core/workflows/brainstorming/instructions.md","20c57ede11289def7927b6ef7bb69bd7a3deb9468dc08e93ee057f98a906e7f0"
"md","instructions","core","bmad/core/workflows/party-mode/instructions.md","28e48c7a05e1f17ad64c0cc701a2ba60e385cd4704c726a14d4b886d885306ab"
"md","README","core","bmad/core/workflows/brainstorming/README.md","ca469d9fbb2b9156491d160e11e2517fdf85ea2c29f41f92b22d4027fe7d9d2a"
"md","template","core","bmad/core/workflows/brainstorming/template.md","b5c760f4cea2b56c75ef76d17a87177b988ac846657f4b9819ec125d125b7386"
"xml","adv-elicit","core","bmad/core/tasks/adv-elicit.xml","94f004a336e434cd231de35eb864435ac51cd5888e9befe66e326eb16497121e"
"xml","bmad-web-orchestrator.agent","core","bmad/core/agents/bmad-web-orchestrator.agent.xml","91a5c1b660befa7365f427640b4fa3dbb18f5e48cd135560303dae0939dccf12"
"xml","index-docs","core","bmad/core/tasks/index-docs.xml","38226219c7dbde1c1dabcd87214383a6bfb2d0a7e79e09a9c79dd6be851b7e64"
"xml","shard-doc","core","bmad/core/tools/shard-doc.xml","7de178b7269fbe8e65774622518db871f7d00cfac1bb5693cba8c1ca3ca8cdff"
"xml","validate-workflow","core","bmad/core/tasks/validate-workflow.xml","1e8c569d8d53e618642aa1472721655cb917901a5888a7b403a98df4db2f26bf"
"xml","workflow","core","bmad/core/tasks/workflow.xml","0b2b7bd184e099869174cc8d9125fce08bcd3fd64fad50ff835a42eccf6620e2"
"yaml","bmad-master.agent","core","bmad/core/agents/bmad-master.agent.yaml",""
"yaml","config","core","bmad/core/config.yaml","68123e482c7aeeebc1165f24242895262fad391852aebe431fe5dc3f850a6b6d"
"yaml","workflow","core","bmad/core/workflows/brainstorming/workflow.yaml","74038fa3892c4e873cc79ec806ecb2586fc5b4cf396c60ae964a6a71a9ad4a3d"
"yaml","workflow","core","bmad/core/workflows/party-mode/workflow.yaml","e49aca36f6eb25dea0f253120bef8ee7637fe4b1c608198cb5ce74d6a109ae4f"
"md","alex-social-strategist","marketing","bmad/marketing/agents/alex-social-strategist.md","601c71f79e00654bfa35632213f98a93b003a06295b66ec6f9a94a7f702d31f7"
"md","amanda-press-pr","marketing","bmad/marketing/agents/amanda-press-pr.md","2ce31b6f7a6b161f9a3ef65f63542304cedd68d93fc159b4faff813dc4aab7c2"
"md","brian-partners-comarketing","marketing","bmad/marketing/agents/brian-partners-comarketing.md","a5a78c33417c1fd6dc0986c26bd0586efaea6df197de755113885f04d0e2d708"
"md","carlos-events-specialist","marketing","bmad/marketing/agents/carlos-events-specialist.md","9bc3a2f366ab593269b7cf0e0fcfc9ef30dd03720ba99dd9758966b40dcfa881"
"md","chris-convert-cro","marketing","bmad/marketing/agents/chris-convert-cro.md","2ec9f358a11798745d026840833b44b03441bd8edb3a8f610c458334253fcc54"
"md","daniel-insights-analyst","marketing","bmad/marketing/agents/daniel-insights-analyst.md","7cc5208ec05120778023f75d4f48b09ebc2b262643e438ae41046df8a21cb69d"
"md","david-facebook-specialist","marketing","bmad/marketing/agents/david-facebook-specialist.md","8b4d24a5d773b8e04a340edd6af8a44b9214da4749ac557f9c75f7bdd02616ad"
"md","emma-words-copywriter","marketing","bmad/marketing/agents/emma-words-copywriter.md","b56effb868847116cb86358fa8c92a1bde6d093143953d4fafcc9fa8848664d9"
"md","james-edit-content-editor","marketing","bmad/marketing/agents/james-edit-content-editor.md","1c6580ab704caf661dd4efdc170c2f39f421029debc13e477085f1f2b7d9171a"
"md","jessica-youtube-specialist","marketing","bmad/marketing/agents/jessica-youtube-specialist.md","f95308d140fa39a76ff5e2eca85019c5095fdbdb4e7f74915a4e0ac635945273"
"md","jordan-influence-specialist","marketing","bmad/marketing/agents/jordan-influence-specialist.md","a5cbaaddc73dd7eb14e2e9078fe562b9ddfef53cab067d614c0f88538afd2a3e"
"md","kevin-martech-automation","marketing","bmad/marketing/agents/kevin-martech-automation.md","54b7eeadd82d8b92d15296f6aad91e717442ac14775525d76896515f9f47ced2"
"md","laura-email-specialist","marketing","bmad/marketing/agents/laura-email-specialist.md","16294c854a37a2cbbd15c7fcc9ebd5a920d49958e1de074089473ae9edb60146"
"md","leo-growth-hacker","marketing","bmad/marketing/agents/leo-growth-hacker.md","4a9db42b7cc908df411d439c3374bdac56cd687786b824486809db7de6189e62"
"md","marcus-brand-strategist","marketing","bmad/marketing/agents/marcus-brand-strategist.md","90a2febb6b2e9430580095aa0b45cf183faf0a803c50bf50656482eeb5832f1e"
"md","maya-visuals-designer","marketing","bmad/marketing/agents/maya-visuals-designer.md","e67f2fd27c4329947b5d33acab2593bed95288a738dbfeddde9ec2b4b09899ab"
"md","michael-linkedin-specialist","marketing","bmad/marketing/agents/michael-linkedin-specialist.md","9bce67876cddf692d800ae452515d57af882b52bc46fa1f8c43eb5ecfe8192f1"
"md","natalie-product-marketing","marketing","bmad/marketing/agents/natalie-product-marketing.md","ef7badf5402f68836cae5dc38e4d199492184482f782ef684db201c094c1d506"
"md","nina-affiliate-expert","marketing","bmad/marketing/agents/nina-affiliate-expert.md","ab10d46ec8d3ba0210afc2eeda4996fdb45daa8d364503dabad6939ed2d9e154"
"md","olivia-search-seo","marketing","bmad/marketing/agents/olivia-search-seo.md","ced7884d240ab08ed0ed871715ff3b83fe6918b1e4edeb62bb8b54ef81bd9274"
"md","priya-analytics-expert","marketing","bmad/marketing/agents/priya-analytics-expert.md","37561325c4217e9cc699d6cbed787a96cefb277711a7a937e2cb955e0a692dd5"
"md","rachel-ads-ppc","marketing","bmad/marketing/agents/rachel-ads-ppc.md","f32a85678704e49ac7c7815226920c45c821aa4d3caf4c95a3ccbf0e52f58c33"
"md","README","marketing","bmad/marketing/README.md","117243d87ad500835f3ba9bae8375b42d91e1b02cb5abe7ee58c234d0f888106"
"md","riley-street-guerrilla","marketing","bmad/marketing/agents/riley-street-guerrilla.md","6560f33ab018e7504e2101ec28ef70873f90a1b80e904d17b56ef5b4a47265d9"
"md","ryan-video-creator","marketing","bmad/marketing/agents/ryan-video-creator.md","5a7972ac86222b23e0a9d46f231007533db09636f5b9003deb0206b4588c1ac4"
"md","samantha-demand-gen","marketing","bmad/marketing/agents/samantha-demand-gen.md","aae1c038e0ca1c30b96fd13e6d9a4f2315402e437ce8048bcad0dcbbe9c3e80e"
"md","sarah-editorial-content-strategist","marketing","bmad/marketing/agents/sarah-editorial-content-strategist.md","b6c7a6d344fe1544f0b939ecf3e777726742e2041d5a0a34a3cbc17ba2500894"
"md","sophia-instagram-specialist","marketing","bmad/marketing/agents/sophia-instagram-specialist.md","c6a6171624ae798a8ede573d7ddcbe7b89620dc5c5e114376e4b7b6f2786ba69"
"md","taylor-community-manager","marketing","bmad/marketing/agents/taylor-community-manager.md","adc08479408b70d9cb1ea222adba159d543956397da8ef6ed2874b900747686b"
"md","tyler-x-specialist","marketing","bmad/marketing/agents/tyler-x-specialist.md","b6122442ed591e815991366ff174c8d9f6cea315429ac5ced8c53a8c68ade140"
"md","victoria-chen-cmo","marketing","bmad/marketing/agents/victoria-chen-cmo.md","68cee86666de75a33c62b02f5bf73949108833affac598b70fef2a7f92d98306"
"md","zoe-tiktok-specialist","marketing","bmad/marketing/agents/zoe-tiktok-specialist.md","102f0cb1cafd72c7bb7c23734d5cfb55d2da046c7a18e6ed66785380b58db08f"
"yaml","alex-social-strategist.agent","marketing","bmad/marketing/agents/alex-social-strategist.agent.yaml",""
"yaml","amanda-press-pr.agent","marketing","bmad/marketing/agents/amanda-press-pr.agent.yaml",""
"yaml","brian-partners-comarketing.agent","marketing","bmad/marketing/agents/brian-partners-comarketing.agent.yaml",""
"yaml","carlos-events-specialist.agent","marketing","bmad/marketing/agents/carlos-events-specialist.agent.yaml",""
"yaml","chris-convert-cro.agent","marketing","bmad/marketing/agents/chris-convert-cro.agent.yaml",""
"yaml","config","marketing","bmad/marketing/config.yaml","6ad596abe0e9145d53dc82ec940b0b63a9b15570ec31877f275e0fb015656b6d"
"yaml","daniel-insights-analyst.agent","marketing","bmad/marketing/agents/daniel-insights-analyst.agent.yaml",""
"yaml","david-facebook-specialist.agent","marketing","bmad/marketing/agents/david-facebook-specialist.agent.yaml",""
"yaml","emma-words-copywriter.agent","marketing","bmad/marketing/agents/emma-words-copywriter.agent.yaml",""
"yaml","james-edit-content-editor.agent","marketing","bmad/marketing/agents/james-edit-content-editor.agent.yaml",""
"yaml","jessica-youtube-specialist.agent","marketing","bmad/marketing/agents/jessica-youtube-specialist.agent.yaml",""
"yaml","jordan-influence-specialist.agent","marketing","bmad/marketing/agents/jordan-influence-specialist.agent.yaml",""
"yaml","kevin-martech-automation.agent","marketing","bmad/marketing/agents/kevin-martech-automation.agent.yaml",""
"yaml","laura-email-specialist.agent","marketing","bmad/marketing/agents/laura-email-specialist.agent.yaml",""
"yaml","leo-growth-hacker.agent","marketing","bmad/marketing/agents/leo-growth-hacker.agent.yaml",""
"yaml","marcus-brand-strategist.agent","marketing","bmad/marketing/agents/marcus-brand-strategist.agent.yaml",""
"yaml","maya-visuals-designer.agent","marketing","bmad/marketing/agents/maya-visuals-designer.agent.yaml",""
"yaml","michael-linkedin-specialist.agent","marketing","bmad/marketing/agents/michael-linkedin-specialist.agent.yaml",""
"yaml","natalie-product-marketing.agent","marketing","bmad/marketing/agents/natalie-product-marketing.agent.yaml",""
"yaml","nina-affiliate-expert.agent","marketing","bmad/marketing/agents/nina-affiliate-expert.agent.yaml",""
"yaml","olivia-search-seo.agent","marketing","bmad/marketing/agents/olivia-search-seo.agent.yaml",""
"yaml","priya-analytics-expert.agent","marketing","bmad/marketing/agents/priya-analytics-expert.agent.yaml",""
"yaml","rachel-ads-ppc.agent","marketing","bmad/marketing/agents/rachel-ads-ppc.agent.yaml",""
"yaml","riley-street-guerrilla.agent","marketing","bmad/marketing/agents/riley-street-guerrilla.agent.yaml",""
"yaml","ryan-video-creator.agent","marketing","bmad/marketing/agents/ryan-video-creator.agent.yaml",""
"yaml","samantha-demand-gen.agent","marketing","bmad/marketing/agents/samantha-demand-gen.agent.yaml",""
"yaml","sarah-editorial-content-strategist.agent","marketing","bmad/marketing/agents/sarah-editorial-content-strategist.agent.yaml",""
"yaml","sophia-instagram-specialist.agent","marketing","bmad/marketing/agents/sophia-instagram-specialist.agent.yaml",""
"yaml","taylor-community-manager.agent","marketing","bmad/marketing/agents/taylor-community-manager.agent.yaml",""
"yaml","tyler-x-specialist.agent","marketing","bmad/marketing/agents/tyler-x-specialist.agent.yaml",""
"yaml","victoria-chen-cmo.agent","marketing","bmad/marketing/agents/victoria-chen-cmo.agent.yaml",""
"yaml","workflow","marketing","bmad/marketing/workflows/attribution-analysis/workflow.yaml","4c1048a76cb9835848b20210c86886d84f37dc9f5ccdbe2b283322d4a5581137"
"yaml","workflow","marketing","bmad/marketing/workflows/blog-post/workflow.yaml","0b8ab176b1c4bdc40997a012e2246fc0e78f801ab3c539e0676db254cb38d546"
"yaml","workflow","marketing","bmad/marketing/workflows/brand-guidelines/workflow.yaml","64a62ef292d30ee420f8b9f6a3b143430e7255eb8d9ed922f63f21f36d3e7dd6"
"yaml","workflow","marketing","bmad/marketing/workflows/competitive-analysis/workflow.yaml","3aa700f919cc954496d7f440563f4040d17f847d7c017efe2372b852e2407015"
"yaml","workflow","marketing","bmad/marketing/workflows/content-calendar/workflow.yaml","6a827422902f60f236a09f6248c31c3f25bf598ff5953f664fe742e3ec4be779"
"yaml","workflow","marketing","bmad/marketing/workflows/conversion-audit/workflow.yaml","136d8aab1c3c946c053f323297d49e83397cc9b309818493ff490f885cc7c012"
"yaml","workflow","marketing","bmad/marketing/workflows/email-campaign/workflow.yaml","dacf10583caf742fa44b028ac9fb2759d0adad90c3be249b68e6e1ec7c31f93e"
"yaml","workflow","marketing","bmad/marketing/workflows/growth-experiment/workflow.yaml","d0c43be00a0f691ac6a63413216230a98b533d80a487d96a9062f14dd6562b38"
"yaml","workflow","marketing","bmad/marketing/workflows/influencer-campaign/workflow.yaml","2fc5127002f2752a70a8b7fc758b696643dd0d617a16b989add8c1b1b3e61a3e"
"yaml","workflow","marketing","bmad/marketing/workflows/marketing-strategy/workflow.yaml","7907bc9ba8c2bb43e3e2d8a65bf93e8138fd239d75d3a9ca7293bea80da1db04"
"yaml","workflow","marketing","bmad/marketing/workflows/performance-report/workflow.yaml","8c671b0fb7200d1082c43ee468565bf3eb79b91bf0a3f91c919877f6681dd929"
"yaml","workflow","marketing","bmad/marketing/workflows/ppc-campaign/workflow.yaml","e866414ba42f8f4727441417939920b2b18218471d91931a5cdad8a32aac8594"
"yaml","workflow","marketing","bmad/marketing/workflows/product-launch/workflow.yaml","30df77765ea7cf33c1e4971532686694190c81becbd9d42f7593c3382c4c9772"
"yaml","workflow","marketing","bmad/marketing/workflows/social-campaign/workflow.yaml","9581ca1253bbbc4a29f791b69c93d087c1c5ac93d0524dd5df5abfe2c9e4c312"
"yaml","workflow","marketing","bmad/marketing/workflows/video-script/workflow.yaml","e62ccb8b0c37c6f1fedc836864b0b7b6f4db3e26d84eec8ba6a01a13e9eb71f6"
"yaml","zoe-tiktok-specialist.agent","marketing","bmad/marketing/agents/zoe-tiktok-specialist.agent.yaml",""
